id_contacto,email,telefono,created_at,updated_at
1,augusto86@example.net,290.541.1925x3220,2024-06-25 22:02:45,2024-06-25 22:02:45
2,fibarra@example.net,1-715-855-8424,2024-06-25 22:02:45,2024-06-25 22:02:45
3,calvillopatricio@example.net,+60(2)8641445359,2024-06-25 22:02:45,2024-06-25 22:02:45
4,trevinocynthia@example.org,(883)195-7090,2024-06-25 22:02:45,2024-06-25 22:02:45
5,marisolcarrion@example.net,(726)397-7204x05828,2024-06-25 22:02:45,2024-06-25 22:02:45
6,victoria53@example.net,226-906-4673x34408,2024-06-25 22:02:45,2024-06-25 22:02:45
7,paolacorona@example.org,(024)744-5982x103,2024-06-25 22:02:45,2024-06-25 22:02:45
8,tiradojonas@example.com,+64(6)7331623085,2024-06-25 22:02:45,2024-06-25 22:02:45
9,aurorade-la-torre@example.com,1-904-212-0541x77312,2024-06-25 22:02:45,2024-06-25 22:02:45
10,jose-emiliovega@example.net,1-898-263-3713x373,2024-06-25 22:02:45,2024-06-25 22:02:45
11,bmiranda@example.org,870-909-4186x9562,2024-06-25 22:02:45,2024-06-25 22:02:45
12,menamaria-cristina@example.org,00785988103,2024-06-25 22:02:45,2024-06-25 22:02:45
13,hsaavedra@example.net,1-966-446-1798,2024-06-25 22:02:45,2024-06-25 22:02:45
14,guillerminapalacios@example.org,01734946404,2024-06-25 22:02:45,2024-06-25 22:02:45
15,maria-luisahenriquez@example.com,+19(0)9125617369,2024-06-25 22:02:45,2024-06-25 22:02:45
16,felixsevilla@example.com,074.498.6373,2024-06-25 22:02:45,2024-06-25 22:02:45
17,avalosalfredo@example.com,(846)848-2840,2024-06-25 22:02:45,2024-06-25 22:02:45
18,omontano@example.org,+32(9)6780203230,2024-06-25 22:02:45,2024-06-25 22:02:45
19,hernan78@example.org,638-581-2450x70946,2024-06-25 22:02:45,2024-06-25 22:02:45
20,alta-graciamaya@example.org,04009293851,2024-06-25 22:02:45,2024-06-25 22:02:45
21,yuridiaolivares@example.com,549.762.4812x0981,2024-06-25 22:02:45,2024-06-25 22:02:45
22,mario80@example.net,644.267.8161,2024-06-25 22:02:45,2024-06-25 22:02:45
23,miguel84@example.com,1-847-266-0833x95092,2024-06-25 22:02:45,2024-06-25 22:02:45
24,anelocasio@example.net,083-300-4125x183,2024-06-25 22:02:45,2024-06-25 22:02:45
25,antoniozelaya@example.com,949.260.2111x0817,2024-06-25 22:02:45,2024-06-25 22:02:45
26,dsalcido@example.org,(721)623-1527x26296,2024-06-25 22:02:45,2024-06-25 22:02:45
27,roldanjaime@example.net,+31(5)8329857408,2024-06-25 22:02:45,2024-06-25 22:02:45
28,ybaez@example.com,969.462.3631x5421,2024-06-25 22:02:45,2024-06-25 22:02:45
29,abrahamhinojosa@example.net,(220)415-3741,2024-06-25 22:02:45,2024-06-25 22:02:45
30,mitzycastellanos@example.org,(325)571-5223,2024-06-25 22:02:45,2024-06-25 22:02:45
31,ilse26@example.org,354.772.5531x7497,2024-06-25 22:02:45,2024-06-25 22:02:45
32,patriciohernandez@example.net,1-650-590-9964,2024-06-25 22:02:45,2024-06-25 22:02:45
33,diegovalencia@example.org,(253)073-6567x47271,2024-06-25 22:02:45,2024-06-25 22:02:45
34,coronadojaime@example.com,(849)818-8785x0373,2024-06-25 22:02:45,2024-06-25 22:02:45
35,luis-miguelsevilla@example.org,449-250-6907,2024-06-25 22:02:45,2024-06-25 22:02:45
36,adanbriseno@example.net,+39(2)6418600040,2024-06-25 22:02:45,2024-06-25 22:02:45
37,centenoangel@example.com,1-431-188-5024,2024-06-25 22:02:45,2024-06-25 22:02:45
38,wilfrido92@example.org,599.080.9486,2024-06-25 22:02:45,2024-06-25 22:02:45
39,zmiramontes@example.com,143.053.7061,2024-06-25 22:02:45,2024-06-25 22:02:45
40,qvalles@example.net,219-082-8656x187,2024-06-25 22:02:45,2024-06-25 22:02:45
41,carbajalisabel@example.net,681.336.3897,2024-06-25 22:02:45,2024-06-25 22:02:45
42,luevanomagdalena@example.org,248.567.0500,2024-06-25 22:02:45,2024-06-25 22:02:45
43,arturojaquez@example.com,1-970-612-5785x5744,2024-06-25 22:02:45,2024-06-25 22:02:45
44,suarezarturo@example.com,(885)076-7302x690,2024-06-25 22:02:45,2024-06-25 22:02:45
45,citlaliparra@example.org,571.155.6964x86691,2024-06-25 22:02:45,2024-06-25 22:02:45
46,silviameza@example.net,361.515.5930x7950,2024-06-25 22:02:45,2024-06-25 22:02:45
47,najeracelia@example.com,860.727.4833x1036,2024-06-25 22:02:45,2024-06-25 22:02:45
48,patricionieves@example.com,294-947-5142x80149,2024-06-25 22:02:45,2024-06-25 22:02:45
49,brisenocristina@example.net,(819)919-8393x4880,2024-06-25 22:02:45,2024-06-25 22:02:45
50,dabrego@example.org,876-357-5766,2024-06-25 22:02:45,2024-06-25 22:02:45
51,lucas18@example.org,06734457661,2024-06-25 22:02:45,2024-06-25 22:02:45
52,gilbertovillagomez@example.net,139.584.2810x829,2024-06-25 22:02:45,2024-06-25 22:02:45
53,alicia74@example.org,(321)013-5881x4849,2024-06-25 22:02:45,2024-06-25 22:02:45
54,alfredosoliz@example.com,(395)161-7538,2024-06-25 22:02:45,2024-06-25 22:02:45
55,rocio36@example.net,+54(0)4718204266,2024-06-25 22:02:45,2024-06-25 22:02:45
56,escobarcitlali@example.org,950-670-2630,2024-06-25 22:02:45,2024-06-25 22:02:45
57,conchitamedrano@example.org,761-512-4761x89501,2024-06-25 22:02:45,2024-06-25 22:02:45
58,folvera@example.com,391-625-8383,2024-06-25 22:02:45,2024-06-25 22:02:45
59,barelasofia@example.com,(000)755-6372x537,2024-06-25 22:02:45,2024-06-25 22:02:45
60,rebecalimon@example.net,+47(7)2550960076,2024-06-25 22:02:45,2024-06-25 22:02:45
61,maria-elenagracia@example.net,1-288-611-0958x41538,2024-06-25 22:02:45,2024-06-25 22:02:45
62,mariaybarra@example.com,(211)692-5086x944,2024-06-25 22:02:45,2024-06-25 22:02:45
63,jose-eduardoporras@example.net,1-052-938-7081,2024-06-25 22:02:45,2024-06-25 22:02:45
64,montenegrogabriela@example.org,(852)930-3519,2024-06-25 22:02:45,2024-06-25 22:02:45
65,magdalena92@example.com,629-243-4923,2024-06-25 22:02:45,2024-06-25 22:02:45
66,mmiramontes@example.com,925-522-3830,2024-06-25 22:02:45,2024-06-25 22:02:45
67,eloisa74@example.org,1-922-736-1623x8406,2024-06-25 22:02:45,2024-06-25 22:02:45
68,bernalrocio@example.net,+59(3)1101959087,2024-06-25 22:02:45,2024-06-25 22:02:45
69,iaragon@example.com,+65(7)7492319701,2024-06-25 22:02:45,2024-06-25 22:02:45
70,marco-antonioarenas@example.org,957-555-9074x52800,2024-06-25 22:02:45,2024-06-25 22:02:45
71,zcarrasco@example.com,+12(4)8924870137,2024-06-25 22:02:45,2024-06-25 22:02:45
72,cristalcanales@example.org,784.994.6175x8095,2024-06-25 22:02:45,2024-06-25 22:02:45
73,valdiviajonas@example.org,(671)278-1467x024,2024-06-25 22:02:45,2024-06-25 22:02:45
74,jimenezclaudio@example.org,+43(8)4742767679,2024-06-25 22:02:45,2024-06-25 22:02:45
75,gamezsandra@example.net,(407)963-0551x2948,2024-06-25 22:02:45,2024-06-25 22:02:45
76,tanialovato@example.com,1-874-414-1888,2024-06-25 22:02:45,2024-06-25 22:02:45
77,iglesiasesther@example.net,06802920200,2024-06-25 22:02:45,2024-06-25 22:02:45
78,cynthiavalladares@example.org,685-857-7801x5803,2024-06-25 22:02:45,2024-06-25 22:02:45
79,montanoarmando@example.net,598-369-5597,2024-06-25 22:02:45,2024-06-25 22:02:45
80,alvaro77@example.net,(685)624-4036,2024-06-25 22:02:45,2024-06-25 22:02:45
81,rferrer@example.net,761.118.9676x6089,2024-06-25 22:02:45,2024-06-25 22:02:45
82,acostarenato@example.net,1-750-311-3740x2445,2024-06-25 22:02:45,2024-06-25 22:02:45
83,leonelbarraza@example.org,331.887.3879x932,2024-06-25 22:02:45,2024-06-25 22:02:45
84,jiminezjudith@example.net,1-436-284-5230x2097,2024-06-25 22:02:45,2024-06-25 22:02:45
85,dalia68@example.net,862-452-3866x822,2024-06-25 22:02:45,2024-06-25 22:02:45
86,elvia62@example.com,459.102.5896,2024-06-25 22:02:45,2024-06-25 22:02:45
87,zacariasjaimes@example.org,+87(6)8869644155,2024-06-25 22:02:45,2024-06-25 22:02:45
88,oliviapulido@example.com,059-063-0768,2024-06-25 22:02:45,2024-06-25 22:02:45
89,camilo95@example.com,1-834-393-6932,2024-06-25 22:02:45,2024-06-25 22:02:45
90,elvialeyva@example.com,628-209-0910x597,2024-06-25 22:02:45,2024-06-25 22:02:45
91,mitzylovato@example.com,985.506.2436x71829,2024-06-25 22:02:45,2024-06-25 22:02:45
92,barajaseugenio@example.org,+63(8)6884221111,2024-06-25 22:02:45,2024-06-25 22:02:45
93,alberto04@example.net,787.392.7678x8022,2024-06-25 22:02:45,2024-06-25 22:02:45
94,leonor31@example.net,165.458.5007x59619,2024-06-25 22:02:45,2024-06-25 22:02:45
95,reina87@example.org,550-261-5775x4069,2024-06-25 22:02:45,2024-06-25 22:02:45
96,caridadmaestas@example.net,05691591618,2024-06-25 22:02:45,2024-06-25 22:02:45
97,benitezmonica@example.com,1-152-452-1453,2024-06-25 22:02:45,2024-06-25 22:02:45
98,amaya@example.com,+66(1)6213750667,2024-06-25 22:02:45,2024-06-25 22:02:45
99,vlopez@example.com,457.508.3542x657,2024-06-25 22:02:45,2024-06-25 22:02:45
100,lleon@example.org,+57(7)3650262559,2024-06-25 22:02:45,2024-06-25 22:02:45
101,benjaminmontanez@example.org,+17(0)8412676156,2024-06-25 22:02:45,2024-06-25 22:02:45
102,brisenoramon@example.org,1-797-120-8042x2028,2024-06-25 22:02:45,2024-06-25 22:02:45
103,estevezmitzy@example.com,060.291.8983x3844,2024-06-25 22:02:45,2024-06-25 22:02:45
104,tapiaanabel@example.org,1-770-807-5771x57808,2024-06-25 22:02:45,2024-06-25 22:02:45
105,karlamota@example.org,(345)398-8396,2024-06-25 22:02:45,2024-06-25 22:02:45
106,bernabe50@example.org,+42(9)4987606385,2024-06-25 22:02:45,2024-06-25 22:02:45
107,hsanches@example.com,1-127-607-2680x762,2024-06-25 22:02:45,2024-06-25 22:02:45
108,gerardo20@example.org,03275596128,2024-06-25 22:02:45,2024-06-25 22:02:45
109,sonia58@example.org,(928)570-4207,2024-06-25 22:02:45,2024-06-25 22:02:45
110,asuncionzambrano@example.org,930-456-2210,2024-06-25 22:02:45,2024-06-25 22:02:45
111,apodacanorma@example.com,1-418-576-0643x894,2024-06-25 22:02:45,2024-06-25 22:02:45
112,ucollazo@example.com,222.094.1043x088,2024-06-25 22:02:45,2024-06-25 22:02:45
113,calderonabril@example.net,1-356-034-8802,2024-06-25 22:02:45,2024-06-25 22:02:45
114,hleon@example.com,893-611-4138,2024-06-25 22:02:45,2024-06-25 22:02:45
115,concepcionpolanco@example.com,06172237527,2024-06-25 22:02:45,2024-06-25 22:02:45
116,armasrafael@example.com,(210)930-1085x0132,2024-06-25 22:02:45,2024-06-25 22:02:45
117,ruben11@example.net,1-115-554-6967,2024-06-25 22:02:45,2024-06-25 22:02:45
118,salonso@example.org,1-328-976-5955,2024-06-25 22:02:45,2024-06-25 22:02:45
119,reyesabigail@example.org,(215)923-7464x214,2024-06-25 22:02:45,2024-06-25 22:02:45
120,nde-la-garza@example.org,(058)597-0618x879,2024-06-25 22:02:45,2024-06-25 22:02:45
121,hildafrias@example.org,(397)220-8349x212,2024-06-25 22:02:45,2024-06-25 22:02:45
122,abaez@example.net,558.089.1976x114,2024-06-25 22:02:45,2024-06-25 22:02:45
123,qgaribay@example.net,(334)927-9454x115,2024-06-25 22:02:45,2024-06-25 22:02:45
124,vacavanesa@example.net,(366)779-7690,2024-06-25 22:02:45,2024-06-25 22:02:45
125,romeroarmando@example.com,486-481-1728x94722,2024-06-25 22:02:45,2024-06-25 22:02:45
126,vanesavaldivia@example.org,576.986.1810,2024-06-25 22:02:45,2024-06-25 22:02:45
127,marco-antoniosaldivar@example.org,1-452-025-2284,2024-06-25 22:02:45,2024-06-25 22:02:45
128,bmarin@example.org,519.997.9009,2024-06-25 22:02:45,2024-06-25 22:02:45
129,jos04@example.net,427.233.1251x15675,2024-06-25 22:02:45,2024-06-25 22:02:45
130,saramoreno@example.org,795-754-4823x4646,2024-06-25 22:02:45,2024-06-25 22:02:45
131,daniel08@example.org,697-691-4556,2024-06-25 22:02:45,2024-06-25 22:02:45
132,judithrangel@example.org,1-270-006-7513x25007,2024-06-25 22:02:45,2024-06-25 22:02:45
133,marcos80@example.net,1-096-559-2312x05329,2024-06-25 22:02:45,2024-06-25 22:02:45
134,xquintero@example.org,682-102-1306x63718,2024-06-25 22:02:45,2024-06-25 22:02:45
135,iguevara@example.org,1-138-346-1893x642,2024-06-25 22:02:45,2024-06-25 22:02:45
136,mario43@example.org,09582477502,2024-06-25 22:02:45,2024-06-25 22:02:45
137,espartaco93@example.org,+35(8)7851694124,2024-06-25 22:02:45,2024-06-25 22:02:45
138,bzedillo@example.com,1-407-231-6670x007,2024-06-25 22:02:45,2024-06-25 22:02:45
139,granadosjesus@example.com,03378364608,2024-06-25 22:02:45,2024-06-25 22:02:45
140,rivasoswaldo@example.org,859-840-1570,2024-06-25 22:02:45,2024-06-25 22:02:45
141,dulce99@example.com,(683)932-2637x868,2024-06-25 22:02:45,2024-06-25 22:02:45
142,qabrego@example.com,(886)231-0220x44901,2024-06-25 22:02:45,2024-06-25 22:02:45
143,juan-carlosreyes@example.org,1-533-790-7189x90661,2024-06-25 22:02:45,2024-06-25 22:02:45
144,benitoquesada@example.org,(424)101-1071,2024-06-25 22:02:45,2024-06-25 22:02:45
145,mestevez@example.com,095.691.2072x84628,2024-06-25 22:02:45,2024-06-25 22:02:45
146,gilbertoamaya@example.com,1-329-281-5275x01100,2024-06-25 22:02:45,2024-06-25 22:02:45
147,ceciliaarevalo@example.net,+10(0)0006075847,2024-06-25 22:02:45,2024-06-25 22:02:45
148,qterrazas@example.net,040-329-0793,2024-06-25 22:02:45,2024-06-25 22:02:45
149,tellezgonzalo@example.net,221-911-3533,2024-06-25 22:02:45,2024-06-25 22:02:45
150,sonia61@example.com,1-834-092-6487,2024-06-25 22:02:45,2024-06-25 22:02:45
151,villanuevaelsa@example.com,140.053.4139x0575,2024-06-25 22:02:45,2024-06-25 22:02:45
152,elenamondragon@example.org,1-491-989-7119,2024-06-25 22:02:45,2024-06-25 22:02:45
153,raquel35@example.org,1-617-199-0188x06122,2024-06-25 22:02:45,2024-06-25 22:02:45
154,wilfrido45@example.com,(909)224-3086x68705,2024-06-25 22:02:45,2024-06-25 22:02:45
155,qlopez@example.net,044.253.7282x720,2024-06-25 22:02:45,2024-06-25 22:02:45
156,israel51@example.com,(088)006-8116,2024-06-25 22:02:45,2024-06-25 22:02:45
157,clara53@example.com,(743)374-7525x25316,2024-06-25 22:02:45,2024-06-25 22:02:45
158,kborrego@example.com,499.489.7481x7675,2024-06-25 22:02:45,2024-06-25 22:02:45
159,saizjaqueline@example.com,(071)034-4909x028,2024-06-25 22:02:45,2024-06-25 22:02:45
160,karinabriseno@example.com,+06(2)1947135025,2024-06-25 22:02:45,2024-06-25 22:02:45
161,balderasesmeralda@example.net,(152)181-8957x55879,2024-06-25 22:02:45,2024-06-25 22:02:45
162,socorrolemus@example.net,959.887.2505,2024-06-25 22:02:45,2024-06-25 22:02:45
163,maldonadorosa@example.com,243.053.8684,2024-06-25 22:02:45,2024-06-25 22:02:45
164,riverozoe@example.net,464.662.8661x13403,2024-06-25 22:02:45,2024-06-25 22:02:45
165,gmacias@example.com,764.952.5971x99104,2024-06-25 22:02:45,2024-06-25 22:02:45
166,timoteo81@example.org,+19(8)0219058079,2024-06-25 22:02:45,2024-06-25 22:02:45
167,bernabe50@example.org,(432)125-4611,2024-06-25 22:02:45,2024-06-25 22:02:45
168,isaacvarela@example.net,260-938-3359x427,2024-06-25 22:02:45,2024-06-25 22:02:45
169,mesaines@example.net,1-569-980-2625x59109,2024-06-25 22:02:45,2024-06-25 22:02:45
170,vmontes@example.net,753.298.1231,2024-06-25 22:02:45,2024-06-25 22:02:45
171,amadorgodinez@example.net,1-937-044-4555x4849,2024-06-25 22:02:45,2024-06-25 22:02:45
172,linaresesther@example.net,761-954-2997,2024-06-25 22:02:45,2024-06-25 22:02:45
173,javierdel-rio@example.org,+71(2)4409065542,2024-06-25 22:02:45,2024-06-25 22:02:45
174,hilda09@example.net,681.821.3267,2024-06-25 22:02:45,2024-06-25 22:02:45
175,cintronrodolfo@example.org,607.217.0308x55047,2024-06-25 22:02:45,2024-06-25 22:02:45
176,taniavera@example.org,(613)011-0129,2024-06-25 22:02:45,2024-06-25 22:02:45
177,negretenatalia@example.org,1-095-063-0160,2024-06-25 22:02:45,2024-06-25 22:02:45
178,barrazaalvaro@example.net,+71(8)1643399434,2024-06-25 22:02:45,2024-06-25 22:02:45
179,jjurado@example.com,726-273-0839x227,2024-06-25 22:02:45,2024-06-25 22:02:45
180,amanda23@example.com,711-226-3226x4408,2024-06-25 22:02:45,2024-06-25 22:02:45
181,wvaldez@example.org,04370012251,2024-06-25 22:02:45,2024-06-25 22:02:45
182,alejandro21@example.org,1-847-209-2315x5819,2024-06-25 22:02:45,2024-06-25 22:02:45
183,armasalberto@example.net,+09(2)6580544460,2024-06-25 22:02:45,2024-06-25 22:02:45
184,sandovaloctavio@example.net,(834)841-9216x1711,2024-06-25 22:02:45,2024-06-25 22:02:45
185,maria-cristinacarrera@example.net,1-062-186-9601,2024-06-25 22:02:45,2024-06-25 22:02:45
186,camposlinda@example.com,(142)978-8360x141,2024-06-25 22:02:45,2024-06-25 22:02:45
187,perezmonica@example.com,00671120358,2024-06-25 22:02:45,2024-06-25 22:02:45
188,silviacampos@example.org,279-267-7477x1321,2024-06-25 22:02:45,2024-06-25 22:02:45
189,lorenzocasanova@example.net,338-119-5410,2024-06-25 22:02:45,2024-06-25 22:02:45
190,albaabigail@example.org,1-208-344-6438x0623,2024-06-25 22:02:45,2024-06-25 22:02:45
191,nancyordonez@example.net,05930378538,2024-06-25 22:02:45,2024-06-25 22:02:45
192,medranoruby@example.com,1-969-765-4335,2024-06-25 22:02:45,2024-06-25 22:02:45
193,dianahernandes@example.com,+69(8)3819865731,2024-06-25 22:02:45,2024-06-25 22:02:45
194,xlugo@example.com,(439)786-1907x79857,2024-06-25 22:02:45,2024-06-25 22:02:45
195,fbermudez@example.net,(459)491-0893,2024-06-25 22:02:45,2024-06-25 22:02:45
196,lferrer@example.org,476-855-6161,2024-06-25 22:02:45,2024-06-25 22:02:45
197,raul35@example.com,910-119-9421x845,2024-06-25 22:02:45,2024-06-25 22:02:45
198,gustavo48@example.com,304.452.9283,2024-06-25 22:02:45,2024-06-25 22:02:45
199,iquinonez@example.org,395-013-0563,2024-06-25 22:02:45,2024-06-25 22:02:45
200,lovatoalejandro@example.com,144.069.4476x37308,2024-06-25 22:02:45,2024-06-25 22:02:45
